id,first_name,last_name,email,gender,Credit Card Number,State,City,Address,Postal Code
1,Aviva,Cardenosa,acardenosa0@twitpic.com,Female,3544794842391460,Washington,Tacoma,799 Cascade Park,98464
2,Waylon,Soot,wsoot1@networkadvertising.org,Male,5530781525680350,Texas,San Antonio,67400 Kings Center,78265
3,Erhard,Fiddy,efiddy2@theguardian.com,Male,3530987933441990,Arkansas,North Little Rock,934 Nevada Avenue,72199
4,Marlo,Hulland,mhulland3@google.com.au,Male,30149226149549,California,Orange,2 Holmberg Avenue,92668
5,Perren,Leftridge,pleftridge4@slashdot.org,Male,3551609734757300,Pennsylvania,Valley Forge,61 Westport Way,19495
6,Nicolea,Valek,nvalek5@comcast.net,Female,560224239141188000,Virginia,Virginia Beach,0 Pine View Terrace,23454
7,Clemmie,Olney,colney6@globo.com,Female,4003835836792,Missouri,Kansas City,13610 Alpine Alley,64125
8,Suki,Parish,sparish7@oaic.gov.au,Female,3540235983782670,Florida,Saint Petersburg,617 Ilene Lane,33737
9,Mariette,Russan,mrussan8@blog.com,Female,30268182238961,Texas,Dallas,63172 North Avenue,75251
10,Isobel,Wernham,iwernham9@house.gov,Female,3562383987726950,Missouri,Kansas City,66 East Trail,64114
11,Marybelle,Rao,mraoa@eepurl.com,Female,3539696587592420,Massachusetts,Boston,41 John Wall Place,2119
12,Faith,Greenwell,fgreenwellb@parallels.com,Female,3585960080878720,Texas,El Paso,90 Waywood Plaza,79928
13,Jackson,Riehm,jriehmc@issuu.com,Male,5121806025840710,Florida,Vero Beach,8 Eastwood Avenue,32964
14,Nelson,Hapke,nhapked@usgs.gov,Male,5610466228070590,California,Palo Alto,577 Hazelcrest Trail,94302
15,Atlanta,Sumbler,asumblere@arstechnica.com,Female,560223031591097000,Tennessee,Memphis,3649 Leroy Crossing,38104
16,Doroteya,Gounard,dgounardf@tripod.com,Female,4917562542925650,Colorado,Denver,39 Manley Terrace,80299
17,Pru,Dary,pdaryg@google.com,Female,5136883545405190,District of Columbia,Washington,56913 Cody Plaza,20525
18,Manfred,Ohlsen,mohlsenh@nature.com,Male,6771569384558040000,District of Columbia,Washington,21205 Sunfield Terrace,20508
19,Gabriel,Scott,gscotti@ebay.com,Female,3550728652541560,Ohio,Columbus,39 7th Drive,43268
20,Smith,Maruska,smaruskaj@bloglovin.com,Male,201632721690540,California,Modesto,5212 Coolidge Junction,95354
21,Brooks,Brosnan,bbrosnank@indiatimes.com,Female,30578776151911,Florida,West Palm Beach,32 Calypso Park,33416
22,Bettine,Meade,bmeadel@facebook.com,Female,4911389546412200000,Arizona,Peoria,1194 Loftsgordon Park,85383
23,Laure,Lukes,llukesm@live.com,Female,3553297441662460,Illinois,Aurora,317 Sutherland Road,60505
24,Brigitta,Keaveney,bkeaveneyn@bravesites.com,Female,3557610684311710,North Dakota,Fargo,0 Oneill Terrace,58106
25,Padgett,Armall,parmallo@soundcloud.com,Male,5602247637065570,Florida,Miami,4757 Fallview Crossing,33164
26,Jonathon,Akess,jakessp@opera.com,Male,67592415981037800,New York,New York City,04481 Park Meadow Street,10125
27,Frederigo,Cookley,fcookleyq@microsoft.com,Male,3564617877710920,California,San Diego,52796 Onsgard Way,92153
28,Chris,Doumenc,cdoumencr@wisc.edu,Female,3566689757834390,Iowa,Cedar Rapids,2 Eggendart Crossing,52405
29,Leonardo,Lordon,llordons@weather.com,Male,3549541732016440,Missouri,Saint Louis,9093 Erie Drive,63136
30,Ursa,Sedgmond,usedgmondt@ucoz.com,Female,371922728576600,Florida,Miami,74538 Pine View Point,33147
31,Skye,Bradly,sbradlyu@psu.edu,Male,3569316877482240,Indiana,Indianapolis,11 Hallows Street,46216
32,Kimmy,Mulheron,kmulheronv@acquirethisname.com,Female,633428043884545000,Iowa,Des Moines,9 Roxbury Street,50320
33,Tonia,Goodacre,tgoodacrew@altervista.org,Female,3576393789128590,California,Sacramento,06 Kim Circle,94286
34,Averill,Gerdts,agerdtsx@sciencedirect.com,Male,3559774178601810,Ohio,Cincinnati,034 Magdeline Point,45264
35,Ahmad,Collett,acolletty@hubpages.com,Male,30087419874137,Massachusetts,Worcester,3 Dahle Plaza,1610
36,Linnie,Gilroy,lgilroyz@buzzfeed.com,Female,6387781305035680,Colorado,Colorado Springs,362 Portage Way,80935
37,Rafe,Cammish,rcammish10@amazon.co.jp,Male,3551937547476500,Texas,Wichita Falls,5096 Burrows Street,76305
38,Carroll,Carr,ccarr11@dropbox.com,Female,4453623234167840,Florida,Clearwater,18 Westerfield Alley,33758
39,Kurtis,Krol,kkrol12@jiathis.com,Male,3571042725821300,Montana,Billings,341 Welch Trail,59105
40,Ollie,Stilliard,ostilliard13@samsung.com,Male,3566367267124490,Texas,El Paso,875 Hansons Park,79911
41,Raoul,Lampens,rlampens14@nba.com,Male,4026089919343340,California,San Diego,63728 Corry Plaza,92186
42,Caesar,Moodey,cmoodey15@geocities.jp,Male,3573831390687980,Illinois,Evanston,0298 Armistice Pass,60208
43,Lauretta,Yegorkin,lyegorkin16@simplemachines.org,Female,3547322100544690,Louisiana,Lake Charles,40072 Village Green Pass,70607
44,Berget,Pervew,bpervew17@mail.ru,Female,3560098201167160,Illinois,Chicago,2 Canary Lane,60614
45,Aguistin,Harral,aharral18@engadget.com,Male,3537850299558690,Texas,El Paso,454 Morrow Hill,88519
46,Smitty,Mayhew,smayhew19@sogou.com,Male,3536314859797390,Florida,Bonita Springs,978 Atwood Place,34135
47,Nicolai,Hoopper,nhoopper1a@trellian.com,Male,3585431219373880,Iowa,Waterloo,19295 7th Avenue,50706
48,Germayne,Gossart,ggossart1b@photobucket.com,Male,5020991474952240000,Missouri,Saint Louis,830 Ridge Oak Way,63196
49,Jack,Napton,jnapton1c@macromedia.com,Male,30335959492905,Missouri,Saint Joseph,9 Muir Terrace,64504
50,Virgina,Keppie,vkeppie1d@ifeng.com,Female,3567499145255340,New York,Syracuse,589 Jay Place,13251
51,Kaye,Bloomfield,kbloomfield1e@symantec.com,Female,6333725821413030000,California,San Diego,5696 Glendale Trail,92176
52,Haily,Miner,hminer1f@github.io,Female,30093876193516,Florida,Seminole,8 Pawling Alley,34642
53,Adey,Baszkiewicz,abaszkiewicz1g@about.me,Female,56109820498210800,Florida,Panama City,48483 Del Sol Plaza,32412
54,Meg,Lampaert,mlampaert1h@acquirethisname.com,Female,3548925100514330,Alaska,Anchorage,18 Marquette Point,99512
55,Una,McKernon,umckernon1i@shinystat.com,Female,3577940678638850,New York,White Plains,72287 Erie Circle,10606
56,Harper,Eccles,heccles1j@last.fm,Male,3588647419827650,Virginia,Richmond,02849 Schurz Park,23220
57,Jolynn,Wollacott,jwollacott1k@theguardian.com,Female,201696739912022,Florida,Orlando,390 Sundown Parkway,32825
58,Rosabelle,Weeks,rweeks1l@google.ca,Female,343540694284556,Illinois,Chicago,98267 Springs Trail,60697
59,Cinda,Pickover,cpickover1m@mail.ru,Female,3550973659728940,Texas,El Paso,4 Macpherson Junction,79916
60,Wallie,Breche,wbreche1n@skype.com,Male,4903635821188470,Kentucky,Louisville,29 Pennsylvania Parkway,40266
61,Clarette,Seeman,cseeman1o@weebly.com,Female,3542563720504950,Texas,Fort Worth,72055 Granby Way,76129
62,Marji,Farron,mfarron1p@weather.com,Female,6763597583296050000,Minnesota,Young America,53139 Dahle Junction,55573
63,Tito,Reasce,treasce1q@auda.org.au,Male,3538030959930790,Georgia,Atlanta,295 Clarendon Place,30380
64,Meir,Beiderbeck,mbeiderbeck1r@parallels.com,Male,5602220031271230,Kansas,Wichita,8377 Canary Crossing,67205
65,Gauthier,Guiraud,gguiraud1s@purevolume.com,Male,3552542028559010,Missouri,Kansas City,01583 Jana Crossing,64160
66,Liuka,Dolden,ldolden1t@businessinsider.com,Female,3558849110494890,Georgia,Savannah,05039 Pennsylvania Road,31405
67,Kip,Thackwray,kthackwray1u@vkontakte.ru,Male,5002353808261750,Oklahoma,Oklahoma City,8 Fairview Alley,73173
68,Shina,Spandley,sspandley1v@g.co,Female,3545073402711760,California,San Diego,391 Chinook Crossing,92137
69,Marnia,Kerwen,mkerwen1w@wix.com,Female,4405744659792740,Nebraska,Omaha,1 Mallard Crossing,68134
70,Perceval,Middlemass,pmiddlemass1x@amazon.co.jp,Male,3540574086548990,Massachusetts,Boston,05359 Dayton Court,2109
71,Raynor,Wones,rwones1y@blogtalkradio.com,Male,5561412602651030,Texas,El Paso,6 Morningstar Center,88514
72,Averill,Salsberg,asalsberg1z@weibo.com,Male,3564082330508450,Florida,Delray Beach,563 Sachtjen Place,33448
73,Weston,Pestricke,wpestricke20@mapy.cz,Male,3584225478163970,Illinois,Joliet,55620 Waxwing Place,60435
74,Brett,Gomery,bgomery21@vimeo.com,Male,4017958984636680,Florida,Port Saint Lucie,1293 Aberg Way,34985
75,Micky,Kloska,mkloska22@marketwatch.com,Male,6771725704610280000,Pennsylvania,Erie,281 Summer Ridge Center,16534
76,Meggy,Halt,mhalt23@hhs.gov,Female,3555979264748480,South Dakota,Sioux Falls,9822 Union Trail,57110
77,Samaria,Brownscombe,sbrownscombe24@guardian.co.uk,Female,3567481704707950,North Carolina,Greensboro,3585 Hansons Lane,27455
78,Bryce,Lawson,blawson25@odnoklassniki.ru,Male,5602218108634790,North Carolina,Charlotte,14596 American Ash Lane,28247
79,Mose,Ganter,mganter26@i2i.jp,Male,5602221366101540,District of Columbia,Washington,23408 Melvin Trail,20010
80,Leontine,Donson,ldonson27@virginia.edu,Female,490316042637877000,Colorado,Littleton,9158 Shopko Pass,80161
81,Leupold,Beard,lbeard28@nps.gov,Male,341457770782225,Indiana,Indianapolis,64104 Bluejay Park,46226
82,Alano,Pacquet,apacquet29@miitbeian.gov.cn,Male,372301314583149,Hawaii,Honolulu,96 Kennedy Junction,96820
83,Cal,Bode,cbode2a@ft.com,Female,3566986613710990,Virginia,Hampton,23 Cherokee Circle,23663
84,Borden,Cassells,bcassells2b@berkeley.edu,Male,67097373213978400,Colorado,Denver,5 Maywood Crossing,80255
85,Em,Rushmer,erushmer2c@vistaprint.com,Female,3550080128330760,Florida,Orlando,02041 Mesta Plaza,32819
86,Pietrek,Scarce,pscarce2d@digg.com,Male,5610194372788760,North Carolina,Winston Salem,8 Coolidge Plaza,27116
87,Matt,Harrhy,mharrhy2e@vinaora.com,Male,3551477326672140,Florida,Miami,147 Shoshone Way,33142
88,Fernande,Steger,fsteger2f@purevolume.com,Female,6759759730638460000,Florida,Saint Petersburg,262 Hanson Circle,33705
89,Ogdon,Dearle-Palser,odearlepalser2g@yellowpages.com,Male,3561868472459140,Louisiana,Baton Rouge,806 3rd Way,70820
90,Olly,Rosenhaupt,orosenhaupt2h@amazon.co.jp,Male,3538910964218680,Ohio,Dayton,9731 Little Fleur Parkway,45408
91,Darrel,Ziem,dziem2i@amazon.de,Male,337941853169562,Nebraska,Lincoln,8124 Summit Center,68524
92,Orion,Wardel,owardel2j@ucsd.edu,Male,3545583381898790,Ohio,Lima,89249 Kedzie Place,45807
93,Egor,Lytlle,elytlle2k@wikispaces.com,Male,3535895921933210,Arizona,Phoenix,266 New Castle Drive,85035
94,Orel,Jahncke,ojahncke2l@nbcnews.com,Female,201460059340490,Alabama,Birmingham,683 Caliangt Road,35279
95,Candie,Dohms,cdohms2m@eepurl.com,Female,4911529683549630,Washington,Tacoma,08694 Stone Corner Drive,98442
96,Rube,Gofton,rgofton2n@joomla.org,Male,67632929245216000,New York,White Plains,2 Annamark Court,10633
97,Roxie,Frie,rfrie2o@merriam-webster.com,Female,5007668570907080,District of Columbia,Washington,3704 Talmadge Crossing,20430
98,Chilton,Peddar,cpeddar2p@ezinearticles.com,Male,3556157353169410,Wisconsin,Madison,16 Monterey Road,53705
99,Ingram,Perrott,iperrott2q@amazon.co.uk,Male,5316440079519750,Texas,Houston,578 Rusk Drive,77206
100,Marcile,Ravenscroftt,mravenscroftt2r@bluehost.com,Female,3531337673652450,Colorado,Colorado Springs,2 Sutherland Hill,80920
101,Elsey,Lattey,elattey2s@seattletimes.com,Female,4017952547034190,Minnesota,Saint Paul,6 Carioca Drive,55103
102,Lyndy,Trangmar,ltrangmar2t@yellowbook.com,Female,5038458771688260000,Tennessee,Memphis,3434 Dawn Avenue,38136
103,Louise,Siebart,lsiebart2u@wiley.com,Female,5602236935477720000,Texas,Denton,12 6th Alley,76210
104,Dina,Jakubovits,djakubovits2v@seattletimes.com,Female,3559043386866530,Texas,El Paso,11662 Park Meadow Way,79999
105,Laurene,Mallows,lmallows2w@latimes.com,Female,5249915737297900,Hawaii,Honolulu,1074 Hagan Lane,96805
106,Renaldo,Dudny,rdudny2x@mysql.com,Male,3567249534416590,Florida,Pensacola,443 Moose Alley,32526
107,Amie,Lardnar,alardnar2y@ning.com,Female,5610854458611500,Florida,Miami,55 Mendota Road,33180
108,Virgilio,Wisam,vwisam2z@xinhuanet.com,Male,5602212603479870,Arizona,Apache Junction,38 Troy Court,85219
109,Danie,Gruszecki,dgruszecki30@huffingtonpost.com,Male,4508709243162560,Wisconsin,Milwaukee,009 Manufacturers Plaza,53277
110,Bettina,Mallam,bmallam31@paypal.com,Female,349213447573709,Nevada,Las Vegas,41 Stone Corner Court,89155
111,Kalil,Gawkes,kgawkes32@bigcartel.com,Male,4508782871764660,Tennessee,Johnson City,7705 Crowley Park,37605
112,Benedetto,Ferrieroi,bferrieroi33@illinois.edu,Male,201453861916938,Florida,Pensacola,4540 Oxford Circle,32575
113,Laurette,Courtman,lcourtman34@answers.com,Female,5108759760712600,Missouri,Kansas City,5663 Forest Run Plaza,64114
114,Meggie,Ffoulkes,mffoulkes35@state.gov,Female,5020588588853080,Maryland,Baltimore,472 Northfield Plaza,21239
115,Druci,oldey,doldey36@dmoz.org,Female,493625652242830000,Florida,Lake Worth,3 5th Park,33467
116,Phineas,Beardsley,pbeardsley37@uol.com.br,Male,3539945666266640,New York,Staten Island,7825 Arapahoe Trail,10310
117,Paolo,Agron,pagron38@time.com,Male,3530526237786680,California,Inglewood,66748 Heffernan Road,90310
118,Blondy,Kornacki,bkornacki39@cornell.edu,Female,5602258842478970,Texas,El Paso,19 Dexter Park,79989
119,Van,Cometson,vcometson3a@home.pl,Male,3570501574698090,New York,Flushing,8 Waxwing Center,11355
120,Verla,Traill,vtraill3b@addthis.com,Female,3569999069178470,Connecticut,Hartford,15 Summer Ridge Trail,6152
121,Meggie,Klejna,mklejna3c@elpais.com,Female,3556802226157570,Florida,Boca Raton,2 Raven Crossing,33499
122,Windham,Risbrough,wrisbrough3d@elpais.com,Male,4175000265462070,Minnesota,Saint Paul,800 Hollow Ridge Alley,55172
123,Sallyanne,Ryding,sryding3e@archive.org,Female,3581080644703140,New York,Bronx,54 Summit Junction,10464
124,Flossy,Copelli,fcopelli3f@goo.ne.jp,Female,3583640272794830,Florida,Panama City,1 Kennedy Circle,32405
125,Rodney,MacGraith,rmacgraith3g@cam.ac.uk,Male,5020398135423340,Texas,Lubbock,331 Birchwood Way,79452
126,Garrek,Tyreman,gtyreman3h@adobe.com,Male,3539158425743420,Nevada,Las Vegas,47 Kensington Drive,89166
127,Annelise,Dominique,adominique3i@wp.com,Female,4844748571571090,New Jersey,Jersey City,79 Grim Center,7310
128,Cam,Kliment,ckliment3j@smh.com.au,Male,3541594801916720,Missouri,Columbia,327 Bashford Lane,65218
129,Alina,Karoly,akaroly3k@miibeian.gov.cn,Female,4017957465409260,California,Sacramento,3 Weeping Birch Road,95865
130,Claudia,Zienkiewicz,czienkiewicz3l@bloglovin.com,Female,4911455210321090,California,San Diego,1965 Cascade Lane,92196
131,Hayyim,Kohen,hkohen3m@rambler.ru,Male,6044746035351330,Georgia,Atlanta,669 Schiller Pass,30368
132,Robert,Skarman,rskarman3n@forbes.com,Male,374622215717124,Texas,San Antonio,09 Grayhawk Street,78245
133,Berthe,Ringe,bringe3o@usatoday.com,Female,6771463460121920000,Maryland,Annapolis,99146 Tomscot Parkway,21405
134,Kaela,Baptista,kbaptista3p@si.edu,Female,4911866899511190000,District of Columbia,Washington,0675 Old Gate Alley,20310
135,Alaine,Tomaselli,atomaselli3q@mozilla.com,Female,3542968850722610,Texas,Corpus Christi,1944 Hooker Court,78470
136,Ferrell,Yakebovitch,fyakebovitch3r@livejournal.com,Male,201480900021032,Texas,Dallas,70946 Meadow Ridge Pass,75241
137,Ernest,Jobin,ejobin3s@addtoany.com,Male,5100173989658260,Tennessee,Nashville,4 Bunting Lane,37228
138,Nichols,Bloomer,nbloomer3t@globo.com,Male,56022531583773300,California,San Francisco,069 Katie Plaza,94126
139,Lilith,Zaniolo,lzaniolo3u@ustream.tv,Female,374283227447786,Illinois,Chicago,115 Oneill Center,60691
140,Jeni,Scotchford,jscotchford3v@sphinn.com,Female,5100179395904670,Texas,Lubbock,779 Banding Avenue,79415
141,Chloette,Kahn,ckahn3w@usa.gov,Female,201845581134280,Florida,Tallahassee,0743 Katie Drive,32309
142,Burt,Saterthwait,bsaterthwait3x@earthlink.net,Male,5602221287778660,Virginia,Merrifield,5242 Banding Drive,22119
143,Giacomo,Chaperlin,gchaperlin3y@t-online.de,Male,30234503823477,North Dakota,Bismarck,445 Rusk Lane,58505
144,Ike,Gilroy,igilroy3z@sphinn.com,Male,3540007721162190,District of Columbia,Washington,53530 Briar Crest Road,20470
145,Galvan,Gilvary,ggilvary40@cafepress.com,Male,4026937094208540,North Carolina,Greensboro,76515 Spaight Plaza,27499
146,Ulla,Gilluley,ugilluley41@answers.com,Female,3539794415989100,New York,Brooklyn,3 Maywood Court,11205
147,Daniele,Wiggington,dwiggington42@wired.com,Female,36148624358813,California,San Francisco,1407 Granby Junction,94154
148,Hebert,Mateja,hmateja43@mediafire.com,Male,490518707233962000,Ohio,Cincinnati,420 Green Ridge Drive,45254
149,Mickey,Cormack,mcormack44@dedecms.com,Male,3568658970960860,Nevada,Reno,6 Prairie Rose Parkway,89505
150,Briney,Deackes,bdeackes45@symantec.com,Female,4936129628309900000,California,San Diego,914 Dahle Pass,92121
151,Reinald,Walshaw,rwalshaw46@ustream.tv,Male,374288147231251,Florida,Tampa,31 Thackeray Plaza,33673
152,Neely,Abyss,nabyss47@google.cn,Female,3549589910190880,Ohio,Columbus,5 Green Ridge Lane,43268
153,Emmit,Tezure,etezure48@discovery.com,Male,5602234071790380,New York,Buffalo,727 Brentwood Circle,14215
154,Nil,Hands,nhands49@arstechnica.com,Male,67062316943679600,Florida,Tallahassee,49621 Melody Pass,32304
155,Bernette,Shooter,bshooter4a@sun.com,Female,30022797160445,Nevada,Las Vegas,222 Mockingbird Street,89115
156,Tina,Cote,tcote4b@pcworld.com,Female,3576880207461000,Utah,Sandy,655 Thackeray Park,84093
157,Garold,Mewes,gmewes4c@thetimes.co.uk,Male,3565459933628810,California,San Diego,95493 4th Lane,92170
158,Christophe,Pauletti,cpauletti4d@census.gov,Male,36108798171236,Arkansas,Little Rock,8 Holy Cross Avenue,72204
159,Yolanda,Raigatt,yraigatt4e@comsenz.com,Female,374622539763226,Massachusetts,Boston,8233 Park Meadow Lane,2163
160,Brittany,Heaffey,bheaffey4f@stumbleupon.com,Female,5602240812654410,District of Columbia,Washington,76 Amoth Hill,20073
161,Carr,Winsper,cwinsper4g@merriam-webster.com,Male,374283600703979,Florida,Pensacola,423 Mitchell Street,32511
162,Jerrome,Heavy,jheavy4h@arizona.edu,Male,3565697046126240,California,San Jose,167 Elgar Drive,95138
163,Darryl,Trazzi,dtrazzi4i@smugmug.com,Female,3534202845380070,Pennsylvania,Pittsburgh,1593 Parkside Crossing,15215
164,Spencer,Van der Beken,svanderbeken4j@wikispaces.com,Male,3585889021176980,Texas,Dallas,26442 Cordelia Hill,75353
165,Mattie,Dunston,mdunston4k@spotify.com,Male,3544214262183980,New York,Albany,242 Larry Way,12227
166,Ryley,Spight,rspight4l@imageshack.us,Male,6387064001448440,Texas,Dallas,2 Saint Paul Junction,75251
167,Perri,Hanhard,phanhard4m@wsj.com,Female,3558192807986090,Texas,El Paso,01742 Sheridan Avenue,88584
168,Elly,Bassindale,ebassindale4n@noaa.gov,Female,3552394003913450,California,Santa Monica,6731 Arapahoe Road,90405
169,Cherise,Targetter,ctargetter4o@yellowpages.com,Female,4917005060986480,Colorado,Fort Collins,43362 Ronald Regan Circle,80525
170,Grantham,Pantridge,gpantridge4p@pinterest.com,Male,5451514643270630,Virginia,Charlottesville,21 Grasskamp Way,22908
171,Carmina,Kalinowsky,ckalinowsky4q@home.pl,Female,560221378628251000,Texas,Austin,11 East Plaza,78789
172,Aurie,Lougheid,alougheid4r@amazonaws.com,Female,6334044446816560,Georgia,Athens,44 Park Meadow Terrace,30605
173,Prentiss,Prahl,pprahl4s@acquirethisname.com,Male,67710348578233000,Tennessee,Nashville,5602 Carberry Lane,37228
174,Katalin,Wotherspoon,kwotherspoon4t@nasa.gov,Female,6385160880713930,Arizona,Tucson,32532 Annamark Street,85748
175,Bari,Boniface,bboniface4u@ehow.com,Female,5610805236076670,Kansas,Wichita,95 Hoffman Center,67236
176,Rachel,Shackle,rshackle4v@businesswire.com,Female,5010126950721290,Louisiana,Lafayette,62887 Hovde Lane,70505
177,Cross,Cobleigh,ccobleigh4w@usa.gov,Male,3580470868308170,Arizona,Mesa,3 Kennedy Plaza,85210
178,Yorker,Caze,ycaze4x@usda.gov,Male,5602233703516720,Illinois,Peoria,1 Laurel Point,61651
179,Sheffie,Moss,smoss4y@twitpic.com,Male,349059047828856,New Jersey,Newark,22 Texas Pass,7112
180,Zeb,Packer,zpacker4z@utexas.edu,Male,3560344942791910,Oklahoma,Tulsa,1 Mosinee Trail,74193
181,Cherey,Voss,cvoss50@drupal.org,Female,5100133981001490,Virginia,Roanoke,3 Hollow Ridge Drive,24034
182,Mohandas,Deacon,mdeacon51@creativecommons.org,Male,372301576217808,Florida,Jacksonville,918 High Crossing Pass,32244
183,Arron,Portinari,aportinari52@jiathis.com,Male,3569841549393690,Texas,El Paso,7721 Prairie Rose Way,88589
184,Pall,Stollhofer,pstollhofer53@webmd.com,Male,5602248465510170,Illinois,Aurora,4 Vidon Junction,60505
185,Sharona,Huband,shuband54@discuz.net,Female,5048374750784560,Arizona,Phoenix,62564 Beilfuss Drive,85067
186,Gardy,Bulcock,gbulcock55@phoca.cz,Male,4405904851350350,Virginia,Arlington,35900 Buell Parkway,22225
187,Vanda,Calbrathe,vcalbrathe56@engadget.com,Female,3532884027056840,Texas,Dallas,829 Loeprich Way,75265
188,Cornie,De Vries,cdevries57@mashable.com,Male,6399331132454290,Colorado,Denver,93086 Moland Park,80204
189,Rafaela,Yeardley,ryeardley58@reddit.com,Female,374283569346208,Virginia,Hampton,9635 Heath Drive,23663
190,Tiffanie,Beed,tbeed59@nature.com,Female,56022190626129100,Texas,Fort Worth,4 Scofield Terrace,76110
191,Adriano,Adamiak,aadamiak5a@xing.com,Male,5602214184093560,California,Sacramento,12940 Brown Center,94230
192,Wilbur,Bonass,wbonass5b@microsoft.com,Male,5278006273565290,New York,New York City,8 Maple Hill,10120
193,Wendy,Torald,wtorald5c@dedecms.com,Female,3583760611238360,Florida,Bradenton,44 Glendale Point,34210
194,Faber,Simpkins,fsimpkins5d@bbc.co.uk,Male,5010123910975200,Kentucky,Louisville,779 Washington Trail,40233
195,Deni,Reah,dreah5e@goo.gl,Female,3556541546998610,Colorado,Colorado Springs,2 Mockingbird Park,80905
196,Windy,Varne,wvarne5f@dion.ne.jp,Female,3539693187297480,Ohio,Columbus,3 Mcbride Point,43215
197,Shayne,Poff,spoff5g@hud.gov,Male,4905983072244070,Indiana,Fort Wayne,81 Rutledge Avenue,46805
198,Mersey,Boobyer,mboobyer5h@storify.com,Female,201536850308255,Wisconsin,Milwaukee,21 Eliot Road,53220
199,Chris,Boomes,cboomes5i@histats.com,Male,56022197011424500,Florida,Jacksonville,4 Leroy Street,32215
200,Lorant,Bernardet,lbernardet5j@mac.com,Male,3563778193881150,California,San Diego,2 Loeprich Street,92137
201,Morgen,Kordt,mkordt5k@hud.gov,Male,3553279124586290,California,San Jose,0 Norway Maple Parkway,95173
202,Rosella,Foskew,rfoskew5l@state.gov,Female,348528634340450,New Jersey,Newark,4193 Rutledge Terrace,7104
203,Rasia,Pfeffel,rpfeffel5m@indiatimes.com,Female,5578081953532210,Kansas,Wichita,4 Mayer Hill,67220
204,Valle,Ormond,vormond5n@prweb.com,Male,5602238575422460,New York,Albany,4359 Westerfield Plaza,12255
205,Allegra,Bladge,abladge5o@va.gov,Female,30434057875630,Texas,Tyler,67 Stone Corner Court,75799
206,Lira,Lawlan,llawlan5p@github.io,Female,633389215918711000,New York,New Hyde Park,54143 Eastwood Place,11044
207,Saul,Fellis,sfellis5q@blogger.com,Male,5602214658682630000,California,Sacramento,30 Arapahoe Park,94245
208,Rhiamon,Statersfield,rstatersfield5r@fda.gov,Female,5100148415864820,New York,Rochester,31992 Novick Terrace,14683
209,Kelli,Cadwell,kcadwell5s@patch.com,Female,5018679484344410,Utah,Salt Lake City,0051 Main Lane,84140
210,Sascha,Kobisch,skobisch5t@abc.net.au,Female,3535226660824800,Nevada,Reno,65103 Erie Point,89550
211,Tulley,Woodcraft,twoodcraft5u@w3.org,Male,6759407141835530000,Alabama,Birmingham,39 Golf View Way,35279
212,Jeralee,Pennetta,jpennetta5v@dmoz.org,Female,5100137691267320,Texas,Austin,29 Magdeline Park,78710
213,Saunderson,Tibalt,stibalt5w@seesaa.net,Male,560221952472832000,Alabama,Huntsville,6973 Red Cloud Center,35895
214,Prudi,Lesor,plesor5x@buzzfeed.com,Female,201542852425410,Pennsylvania,Pittsburgh,23423 Warner Hill,15261
215,Odelia,Shiel,oshiel5y@japanpost.jp,Female,3546704681857460,Michigan,Midland,62281 Buena Vista Avenue,48670
216,Hersh,Gunderson,hgunderson5z@arizona.edu,Male,30378767717659,Florida,Fort Lauderdale,9983 Grayhawk Plaza,33336
217,Reg,Lipgens,rlipgens60@geocities.jp,Male,3587546530365120,Virginia,Sterling,1772 Scott Street,20167
218,Kalinda,Colwill,kcolwill61@irs.gov,Female,3541677197049680,Maine,Portland,61 Marquette Street,4109
219,Rodi,Cadlock,rcadlock62@bandcamp.com,Female,4917690550038820,Florida,Fort Lauderdale,6 Lotheville Street,33336
220,Findlay,Northall,fnorthall63@angelfire.com,Male,30280212670626,Illinois,Chicago,5 Fallview Hill,60624
221,Feodor,Tumielli,ftumielli64@oakley.com,Male,3542213029404280,New York,New York City,816 Badeau Avenue,10275
222,Chic,Catmull,ccatmull65@blogs.com,Male,3583418231847180,California,Sacramento,1367 Drewry Park,95865
223,Marni,Morilla,mmorilla66@wisc.edu,Female,493600297346816000,Texas,El Paso,59094 Marquette Court,79916
224,Brigit,Jiggen,bjiggen67@theatlantic.com,Female,5100176009083020,District of Columbia,Washington,42 Forest Run Place,20520
225,Luca,Lefeuvre,llefeuvre68@opensource.org,Male,5602226291055680,North Carolina,Charlotte,9 David Center,28230
226,Val,Sabater,vsabater69@intel.com,Male,67592142180631900,Texas,Dallas,36587 Birchwood Street,75221
227,Elston,Elleyne,eelleyne6a@alibaba.com,Male,3563405289989340,Texas,Dallas,2108 Grim Pass,75236
228,Emera,Rallin,erallin6b@ibm.com,Female,677135151472053000,Tennessee,Kingsport,95 Sunfield Circle,37665
229,Dunn,Harley,dharley6c@chron.com,Male,201784780136475,Utah,Salt Lake City,19497 Hoffman Crossing,84110
230,Dwain,Borres,dborres6d@comsenz.com,Male,3573440201970250,California,San Luis Obispo,51 Heath Plaza,93407
231,Lorette,Hentze,lhentze6e@amazon.com,Female,3559504969207710,New York,Rochester,6 Vera Way,14683
232,Reeta,Carbett,rcarbett6f@surveymonkey.com,Female,5602223422875580000,Pennsylvania,Mc Keesport,8 Mendota Hill,15134
233,Colin,Baldick,cbaldick6g@icio.us,Male,201777107769218,Utah,Salt Lake City,5 Lakewood Gardens Circle,84115
234,Conni,Bartosinski,cbartosinski6h@microsoft.com,Female,3584985993913090,Kansas,Topeka,1747 Chinook Parkway,66606
235,Barthel,Glassman,bglassman6i@g.co,Male,201562801950813,Texas,Amarillo,3002 Shoshone Avenue,79182
236,Gaelan,Aspinal,gaspinal6j@webs.com,Male,3580574404431840,Minnesota,Minneapolis,38 Anniversary Point,55441
237,Saundra,Starling,sstarling6k@google.co.jp,Female,3534723484194870,Oklahoma,Oklahoma City,31 Dwight Center,73197
238,Renaud,Betun,rbetun6l@jugem.jp,Male,3532739522011140,Texas,El Paso,0 Bashford Court,79934
239,Bourke,McSperrin,bmcsperrin6m@indiatimes.com,Male,5602217881961200,Florida,Tampa,48139 Loeprich Junction,33615
240,Willy,Instrell,winstrell6n@tripod.com,Male,3565480922803060,Ohio,Dayton,154 Manufacturers Center,45403
241,Henryetta,Egginson,hegginson6o@bloglovin.com,Female,3562383696452460,California,Riverside,4329 Meadow Valley Parkway,92505
242,Guinevere,Wickens,gwickens6p@cnet.com,Female,5048375097970280,West Virginia,Huntington,783 Gateway Alley,25711
243,Terra,Dummett,tdummett6q@xinhuanet.com,Female,3535238923088760,California,Long Beach,41327 Red Cloud Center,90831
244,Andreana,Dendle,adendle6r@oakley.com,Female,3567396912836630,Florida,Jacksonville,91 Onsgard Junction,32244
245,Barclay,Gwyn,bgwyn6s@ted.com,Male,3536527372011950,Florida,Tampa,0782 Bowman Drive,33680
246,Pegeen,Prandoni,pprandoni6t@drupal.org,Female,373203359126611,Ohio,Cincinnati,3 Prairieview Park,45203
247,Laraine,Myhill,lmyhill6u@vinaora.com,Female,56022171340717300,California,San Jose,76762 Melby Lane,95138
248,Andree,Corpes,acorpes6v@drupal.org,Female,4903802025152370000,Florida,Ocala,193 Laurel Point,34474
249,Tillie,Gaiford,tgaiford6w@timesonline.co.uk,Female,50207994566086700,Maryland,Bethesda,06 Helena Way,20892
250,Gabbey,Merwede,gmerwede6x@weibo.com,Female,3534058964645440,Florida,Jacksonville,73 Kropf Junction,32230
251,Sherwood,Eckh,seckh6y@bigcartel.com,Male,30477921538769,Texas,Austin,73258 Moose Drive,78737
252,Torre,Palfreeman,tpalfreeman6z@ycombinator.com,Male,3581726454799770,California,San Francisco,3 Transport Park,94116
253,Vinnie,Channon,vchannon70@samsung.com,Male,201698880776800,Texas,San Antonio,17 Garrison Plaza,78220
254,Chloe,Cockhill,ccockhill71@java.com,Female,4405875848928480,New York,Buffalo,44 Blackbird Junction,14263
255,Tobe,Mullord,tmullord72@usda.gov,Male,3561457514583120,Kansas,Topeka,3683 Banding Alley,66611
256,Cher,Hinder,chinder73@barnesandnoble.com,Female,5602240350868490,California,Inglewood,408 Beilfuss Park,90310
257,Jonas,Rainville,jrainville74@unicef.org,Male,3571148566463820,New York,New York City,743 Manitowish Court,10270
258,Dukie,Varns,dvarns75@issuu.com,Male,4839127489984,Alaska,Fairbanks,73 Schlimgen Plaza,99709
259,Carlynne,Ovill,covill76@oracle.com,Female,377349268464225,Washington,Tacoma,5228 Harbort Pass,98405
260,Tedi,Schrei,tschrei77@weather.com,Female,3532304113424330,District of Columbia,Washington,42 Sheridan Pass,20215
261,Aurea,Hardstaff,ahardstaff78@seesaa.net,Female,6759542985189530,Texas,Lubbock,486 Shasta Avenue,79452
262,Quintin,Killingback,qkillingback79@chicagotribune.com,Male,3555257595481610,Oregon,Portland,4704 Emmet Center,97211
263,Odelle,Puvia,opuvia7a@aboutads.info,Female,201864700544006,Kentucky,Louisville,9 Oneill Parkway,40215
264,Tonnie,Colledge,tcolledge7b@zdnet.com,Male,5007662707458750,California,Fresno,1970 Magdeline Court,93709
265,Marven,Boulstridge,mboulstridge7c@netvibes.com,Male,501867954018539000,New York,New York City,9786 Dottie Way,10260
266,Ardelia,Guyonneau,aguyonneau7d@addthis.com,Female,6374907282328690,Virginia,Lynchburg,881 Twin Pines Avenue,24503
267,Laurella,Alderwick,lalderwick7e@cocolog-nifty.com,Female,30022024267427,Texas,El Paso,48 Old Shore Terrace,79994
268,Shanan,Petrasso,spetrasso7f@histats.com,Male,5602246432152470,California,Stockton,639 Maple Pass,95210
269,Dahlia,Corringham,dcorringham7g@tripadvisor.com,Female,5038643537165310,Texas,Tyler,291 Larry Lane,75705
270,Caldwell,Lidgett,clidgett7h@phoca.cz,Male,502078728858433000,Utah,Salt Lake City,04 Elmside Terrace,84140
271,Lorenza,Marsie,lmarsie7i@paypal.com,Female,4508925516725300,Colorado,Colorado Springs,198 Buena Vista Lane,80995
272,Jacques,Kingescot,jkingescot7j@yahoo.com,Male,491102526989478000,Louisiana,New Orleans,31537 Surrey Parkway,70183
273,Kurtis,Smolan,ksmolan7k@posterous.com,Male,491180184443352000,Washington,Seattle,2 Colorado Alley,98195
274,Olva,Jeffry,ojeffry7l@list-manage.com,Female,502016880191489000,Washington,Tacoma,595 Orin Place,98464
275,Mano,Ciccerale,mciccerale7m@ted.com,Male,5100144562270170,Pennsylvania,New Castle,67877 Brickson Park Street,16107
276,Fletcher,Cottey,fcottey7n@tiny.cc,Male,5602235326478900000,Pennsylvania,Philadelphia,590 Heffernan Junction,19120
277,Wynn,Hawkey,whawkey7o@dyndns.org,Male,5602234554978370,California,Long Beach,9255 Alpine Place,90840
278,Hugh,Ruffler,hruffler7p@cargocollective.com,Male,3558298119347930,Alabama,Birmingham,727 Armistice Drive,35215
279,Roxana,Teek,rteek7q@xing.com,Female,4911996265948830000,Louisiana,Baton Rouge,10 Chive Parkway,70815
280,Yuma,Mary,ymary7r@bloglovin.com,Male,50384879064041600,Florida,Orlando,86745 Loftsgordon Hill,32808
281,Curry,Habbeshaw,chabbeshaw7s@51.la,Male,3560905111075420,Florida,Lakeland,714 Fuller Park,33811
282,Ferrel,Tait,ftait7t@digg.com,Male,67590441505680300,Texas,Houston,098 Randy Park,77015
283,Faun,MacGibbon,fmacgibbon7u@cocolog-nifty.com,Female,3586112744076310,North Carolina,Charlotte,11 Grim Place,28299
284,Rosco,Care,rcare7v@usa.gov,Male,3538961757337810,Texas,Pasadena,6726 Lakewood Court,77505
285,Tate,Nickolls,tnickolls7w@eepurl.com,Female,560224742604180000,Michigan,Lansing,2 Hoffman Alley,48930
286,Baryram,Sancroft,bsancroft7x@illinois.edu,Male,3530212293045440,California,Irvine,99 Ilene Place,92619
287,Kevon,Croux,kcroux7y@cnbc.com,Male,5010122212579640,Oklahoma,Tulsa,415 Farwell Court,74116
288,Minda,Dorgon,mdorgon7z@flickr.com,Female,337941998750870,Texas,Amarillo,4 Nevada Plaza,79118
289,Zebulon,Largan,zlargan80@aboutads.info,Male,4903356204739660000,New York,Brooklyn,922 Mariners Cove Drive,11215
290,Davide,Bridgwater,dbridgwater81@nba.com,Male,3559131376586620,California,San Luis Obispo,09558 Linden Way,93407
291,Isiahi,Giovanizio,igiovanizio82@list-manage.com,Male,6761239497214090,Utah,Salt Lake City,43 Heffernan Hill,84130
292,Danny,Vinall,dvinall83@cbslocal.com,Male,67092013344149800,Delaware,Wilmington,56132 Eliot Alley,19892
293,Fiann,Streater,fstreater84@freewebs.com,Female,3578890615694020,New York,New York City,61 Sherman Point,10170
294,Dniren,Pashby,dpashby85@bravesites.com,Female,201746220145838,Florida,Tallahassee,0562 Aberg Alley,32309
295,Clayborne,Steutly,csteutly86@umn.edu,Male,3564438040851090,North Carolina,Charlotte,8500 Johnson Center,28289
296,Camille,Robilliard,crobilliard87@bandcamp.com,Female,4026037128362790,California,Whittier,24 Pleasure Parkway,90610
297,Kendall,Durnford,kdurnford88@free.fr,Male,3545629461880690,California,Pasadena,6 Red Cloud Street,91125
298,Noach,Marskell,nmarskell89@last.fm,Male,3576704431862320,Florida,Jacksonville,1601 Mcguire Way,32259
299,Garvy,Toone,gtoone8a@wikia.com,Male,30283084829858,Massachusetts,Cambridge,03897 Dawn Circle,2142
300,Lacee,Spear,lspear8b@icq.com,Female,3568083940140640,Texas,Houston,909 Summerview Street,77212
301,Joan,Smart,jsmart8c@ycombinator.com,Female,3558886540564180,Texas,San Angelo,08 Tomscot Parkway,76905
302,Melantha,Axton,maxton8d@phpbb.com,Female,3580615814090120,Maryland,Annapolis,89894 Ronald Regan Street,21405
303,Mollee,Amyes,mamyes8e@jigsy.com,Female,3578348122409640,Texas,Amarillo,1 Logan Street,79105
304,Anna-diane,Cattellion,acattellion8f@ebay.co.uk,Female,5010123540556250,Missouri,Kansas City,0 North Way,64144
305,Brunhilde,Whisby,bwhisby8g@alexa.com,Female,3576382750177670,Missouri,Kansas City,7 Sundown Way,64125
306,Charlot,Carratt,ccarratt8h@feedburner.com,Female,3528487168481270,Washington,Spokane,55 Main Crossing,99252
307,Ralf,Haresign,rharesign8i@fastcompany.com,Male,201966536743833,North Carolina,Charlotte,83 Kings Road,28205
308,Sephira,Cribbins,scribbins8j@google.com.hk,Female,5893996581272920000,Delaware,Wilmington,17521 Myrtle Park,19886
309,Karissa,Wheatman,kwheatman8k@unc.edu,Female,3554876066653340,Texas,Houston,70 Knutson Trail,77201
310,Maire,Manford,mmanford8l@nifty.com,Female,4903931382179830000,Florida,Clearwater,624 Utah Crossing,34629
311,Ruy,Quest,rquest8m@free.fr,Male,5602253777975990000,Nevada,Las Vegas,4 Donald Parkway,89155
312,Felicity,Calley,fcalley8n@wikimedia.org,Female,3536449894866790,Texas,Texarkana,0018 Elgar Alley,75507
313,Ody,Faers,ofaers8o@elegantthemes.com,Male,3571451035781300,Virginia,Arlington,997 Carey Pass,22212
314,Rozelle,Pointing,rpointing8p@paypal.com,Female,6331104824761530000,Washington,Bellevue,67 American Avenue,98008
315,Demetria,Abrahamian,dabrahamian8q@youtube.com,Female,5602225930063890,Connecticut,Norwalk,6 Ridgeview Plaza,6854
316,Gothart,Gething,ggething8r@prnewswire.com,Male,372301483599710,Michigan,Grand Rapids,23 Sundown Trail,49518
317,Violetta,Lemmertz,vlemmertz8s@paypal.com,Female,4913447549420620,South Carolina,Columbia,741 Tennyson Street,29240
318,Nathanil,Gierhard,ngierhard8t@msu.edu,Male,3565054880561770,Ohio,Cleveland,1027 Veith Center,44191
319,Lemuel,Joblin,ljoblin8u@lulu.com,Male,4041594030538,New York,Flushing,7 Kingsford Circle,11388
320,Alameda,Olphert,aolphert8v@elegantthemes.com,Female,3576458387262800,Virginia,Norfolk,271 Eagan Center,23504
321,Izak,McGorman,imcgorman8w@privacy.gov.au,Male,3576020701423130,Florida,Tallahassee,4 Elmside Avenue,32309
322,Beryle,Spencock,bspencock8x@behance.net,Female,3568562150528730,California,Berkeley,0615 Laurel Circle,94705
323,Moreen,Bortolini,mbortolini8y@amazon.com,Female,4508635248549410,Texas,El Paso,67042 Sunbrook Road,79940
324,Orson,McIlherran,omcilherran8z@dion.ne.jp,Male,6304274847245680,Idaho,Boise,820 Kipling Trail,83716
325,Fulton,Billo,fbillo90@ox.ac.uk,Male,4041375460516,Connecticut,Waterbury,13167 Elka Terrace,6721
326,Debi,Berthouloume,dberthouloume91@e-recht24.de,Female,5602221993635720,New York,Brooklyn,8 Oriole Point,11205
327,Becka,Glasser,bglasser92@1688.com,Female,3539121817902400,Louisiana,Baton Rouge,94 Anthes Center,70836
328,Aldridge,Ortiger,aortiger93@cyberchimps.com,Male,3534832772057060,Florida,Orlando,234 Amoth Pass,32885
329,Rolando,Kynsey,rkynsey94@fc2.com,Male,6304141265142710,Texas,Dallas,08 Dapin Parkway,75236
330,Humfrey,Shaylor,hshaylor95@nymag.com,Male,3545343289655770,Pennsylvania,Pittsburgh,78 Sommers Pass,15230
331,Evangelia,Firmin,efirmin96@diigo.com,Female,3536311299465330,North Carolina,Durham,67 Scoville Lane,27710
332,Lari,Mellish,lmellish97@upenn.edu,Female,3531596930089950,Colorado,Littleton,5 Loftsgordon Lane,80161
333,Avril,Rodda,arodda98@springer.com,Female,3557879541043400,Maryland,Baltimore,63 Heath Trail,21216
334,Vale,Glasscoe,vglasscoe99@t-online.de,Female,4903282885154210000,California,Los Angeles,1 Mitchell Hill,90050
335,Marlow,Piccop,mpiccop9a@apache.org,Male,347839510830246,Oklahoma,Oklahoma City,139 Barnett Road,73142
336,Sigismund,Hagwood,shagwood9b@google.es,Male,56022508634511100,Arizona,Glendale,96 Ridge Oak Place,85311
337,Vincent,Ruane,vruane9c@sfgate.com,Male,3554539062522350,Kentucky,Lexington,75858 Dahle Avenue,40515
338,Rosco,Eagan,reagan9d@newyorker.com,Male,3576840915580150,Florida,Sarasota,1909 Colorado Parkway,34233
339,Marijn,Rands,mrands9e@taobao.com,Male,3571069885350410,Texas,Corpus Christi,11021 Doe Crossing Junction,78415
340,Hayyim,Mould,hmould9f@ocn.ne.jp,Male,50385717942573400,Georgia,Atlanta,6 Russell Trail,30306
341,Camilla,Mansuer,cmansuer9g@biglobe.ne.jp,Female,5048374001579780,Tennessee,Memphis,636 Hintze Plaza,38126
342,Reeva,Rowatt,rrowatt9h@patch.com,Female,5002350726681350,California,San Jose,50240 Oak Pass,95160
343,Maddy,Sargood,msargood9i@guardian.co.uk,Female,3529901422640690,New York,New York City,8281 Clyde Gallagher Parkway,10175
344,Rey,Ashwin,rashwin9j@scribd.com,Female,4017956751928310,Arizona,Phoenix,356 Rutledge Point,85035
345,Winnah,Tout,wtout9k@wufoo.com,Female,3548650861626700,Ohio,Canton,857 Pond Way,44760
346,Giorgia,Iwaszkiewicz,giwaszkiewicz9l@discovery.com,Female,374622030214448,Florida,Fort Lauderdale,1 Red Cloud Hill,33345
347,Clyve,Sextone,csextone9m@prlog.org,Male,374622735004334,Utah,Salt Lake City,7 Milwaukee Court,84105
348,Lexine,Dudny,ldudny9n@reference.com,Female,6395050852109340,Alaska,Fairbanks,556 Cambridge Trail,99709
349,Carlos,Tanser,ctanser9o@google.com.hk,Male,3565941014749070,Michigan,Muskegon,8087 Melrose Plaza,49444
350,Rodina,Cotter,rcotter9p@facebook.com,Female,3543790250609280,District of Columbia,Washington,15 Parkside Crossing,20078
351,Rheba,Braunthal,rbraunthal9q@ox.ac.uk,Female,5602244822605270,Ohio,Cincinnati,28 Village Avenue,45233
352,Brunhilde,Gorrissen,bgorrissen9r@google.com.au,Female,5576886911413010,Florida,Boca Raton,67 Waubesa Crossing,33499
353,Cchaddie,Crewdson,ccrewdson9s@arizona.edu,Male,3582309260794490,Indiana,Fort Wayne,040 Merry Drive,46857
354,Damien,Vasyushkhin,dvasyushkhin9t@abc.net.au,Male,6762414749331650000,New York,Mount Vernon,2775 Susan Point,10557
355,Lance,Ewbanck,lewbanck9u@umn.edu,Male,3532563190129300,Virginia,Springfield,43 Oak Street,22156
356,Gale,Lube,glube9v@geocities.com,Female,5007669483338470,Texas,Houston,95743 Little Fleur Avenue,77245
357,Evangeline,Thorsen,ethorsen9w@msu.edu,Female,4844910538407010,Texas,Houston,300 Dovetail Plaza,77293
358,Denice,Kingswood,dkingswood9x@apache.org,Female,30490668233056,New Jersey,Trenton,72 Troy Point,8650
359,Peggie,Kenningham,pkenningham9y@abc.net.au,Female,5464991239481070,Kentucky,Louisville,25 Norway Maple Hill,40250
360,Phillipe,Strivens,pstrivens9z@adobe.com,Male,5108752706130980,New York,Buffalo,4092 Arizona Plaza,14263
361,Sibbie,Antony,santonya0@zimbio.com,Female,3563077022796510,Michigan,Troy,04786 Rowland Alley,48098
362,Farica,Roux,frouxa1@irs.gov,Female,5038575404089450000,Texas,Dallas,911 Messerschmidt Lane,75236
363,Miguelita,Godby,mgodbya2@cbsnews.com,Female,374283039843263,Michigan,Ann Arbor,349 Dexter Hill,48107
364,Gallagher,Keers,gkeersa3@elpais.com,Male,3579524369438310,California,Inglewood,14948 Lawn Lane,90398
365,Hildagarde,Templar,htemplara4@berkeley.edu,Female,5127259018473650,Colorado,Denver,4574 Sommers Center,80270
366,Donna,Bown,dbowna5@uol.com.br,Female,30556503645058,Florida,Palm Bay,3 Kennedy Street,32909
367,Dalston,Gealle,dgeallea6@whitehouse.gov,Male,5641826834522620000,Pennsylvania,Erie,4470 Meadow Vale Junction,16565
368,Effie,Pembery,epemberya7@wufoo.com,Female,3543302039715940,Florida,Punta Gorda,20994 Luster Point,33982
369,Rolando,Keilloh,rkeilloha8@goodreads.com,Male,5038591309552850,Alabama,Mobile,1790 Swallow Way,36689
370,Briano,Hatch,bhatcha9@multiply.com,Male,3560115272247030,South Carolina,Charleston,02 5th Junction,29416
371,Dunc,Dannehl,ddannehlaa@mapquest.com,Male,5100175425869760,Florida,Tampa,85296 Judy Way,33610
372,Trista,Jiroutka,tjiroutkaab@skype.com,Female,4175005108760550,Utah,Salt Lake City,04 Vera Pass,84125
373,Gabrila,Arbon,garbonac@example.com,Female,5100147955111460,Arizona,Gilbert,9 Merrick Lane,85297
374,Ingar,Gatherell,igatherellad@dropbox.com,Male,5150109264822650,Delaware,Wilmington,27 Killdeer Drive,19810
375,Kearney,Skaif,kskaifae@homestead.com,Male,4017959907483140,Texas,Dallas,3534 Grayhawk Hill,75342
376,Alla,Rays,araysaf@seattletimes.com,Female,5532747329353540,Michigan,Detroit,0058 Summerview Place,48211
377,Rachelle,Wallbutton,rwallbuttonag@opensource.org,Female,3584206475595080,Nevada,North Las Vegas,3535 Montana Parkway,89087
378,Michaella,Tregea,mtregeaah@ox.ac.uk,Female,5405468516571700,Virginia,Newport News,28948 Raven Trail,23612
379,Ed,Gowling,egowlingai@issuu.com,Male,5020790836727390,Pennsylvania,Philadelphia,9682 Reindahl Court,19136
380,Joelie,Landa,jlandaaj@senate.gov,Female,561053975640027000,California,San Bernardino,9401 Northview Crossing,92410
381,Erich,Maycey,emayceyak@independent.co.uk,Male,5018233572519650,Texas,Garland,83558 Graceland Junction,75044
382,William,Gliddon,wgliddonal@utexas.edu,Male,3567915503781270,Idaho,Boise,3 Norway Maple Trail,83711
383,Raven,Knyvett,rknyvettam@spotify.com,Female,3557479703611530,New York,Elmira,76574 Corscot Center,14905
384,Orran,Kirtlan,okirtlanan@is.gd,Male,201801355265990,California,Palmdale,31 Meadow Valley Drive,93591
385,Carlos,Jopke,cjopkeao@go.com,Male,4508721168499780,Texas,Spring,78361 Leroy Hill,77386
386,Mamie,Gligori,mgligoriap@behance.net,Female,5602223487568630,Pennsylvania,Philadelphia,3014 Ridge Oak Alley,19141
387,Jeramey,Cobbledick,jcobbledickaq@eepurl.com,Male,3529681383881630,Kansas,Shawnee Mission,9384 Pond Place,66205
388,Ellie,McKillop,emckillopar@netscape.com,Female,3580202329041230,Washington,Seattle,67616 Fieldstone Junction,98133
389,Theresina,Fishpoole,tfishpooleas@angelfire.com,Female,3544252840975050,Virginia,Richmond,3 Declaration Hill,23228
390,Noell,Pender,npenderat@hhs.gov,Female,5395940974376530,Oregon,Portland,5572 Old Shore Plaza,97240
391,Lovell,Vuitte,lvuitteau@posterous.com,Male,3551471769892980,California,San Diego,1 Mccormick Parkway,92176
392,Franciska,Brightie,fbrightieav@newsvine.com,Female,30035590574844,Georgia,Atlanta,9374 Forster Place,30336
393,Ashlin,Grigs,agrigsaw@wix.com,Male,3572089017333000,Oklahoma,Tulsa,30 Maryland Crossing,74170
394,Waneta,Azema,wazemaax@soundcloud.com,Female,3569801654325970,Nevada,Las Vegas,72377 Gulseth Trail,89150
395,Dominic,Hewkin,dhewkinay@wikipedia.org,Male,341434937935434,Florida,Ocala,92603 Oneill Trail,34474
396,Josselyn,Duck,jduckaz@tripod.com,Female,6333073395168670,Missouri,Kansas City,230 Lunder Drive,64149
397,Rosabelle,Darnbrough,rdarnbroughb0@microsoft.com,Female,3538024706310270,North Carolina,Charlotte,46 Summerview Street,28289
398,Ophelia,Gethen,ogethenb1@topsy.com,Female,347864496832925,Pennsylvania,Erie,427 Debs Parkway,16550
399,Dasi,Maasz,dmaaszb2@yahoo.co.jp,Female,3535617164808730,Georgia,Atlanta,828 Continental Court,30323
400,Marty,Gilardengo,mgilardengob3@noaa.gov,Male,3536616170951130,Kentucky,Louisville,6644 Raven Court,40256
401,Hillery,Mallison,hmallisonb4@desdev.cn,Male,5610955032375420,Wisconsin,Madison,0029 Arrowood Alley,53710
402,Christophorus,Scarasbrick,cscarasbrickb5@pagesperso-orange.fr,Male,3586804554371700,Texas,Denton,41 Hoepker Terrace,76210
403,Wilhelmine,Carwithan,wcarwithanb6@house.gov,Female,560222963529005000,Florida,Orlando,20627 Kedzie Trail,32885
404,Martita,Carryer,mcarryerb7@nature.com,Female,490564030018841000,New Jersey,Camden,0370 Golf Course Road,8104
405,Brett,Muir,bmuirb8@sakura.ne.jp,Female,3559136014808150,South Carolina,Columbia,6 Shasta Point,29225
406,Dusty,Woodcraft,dwoodcraftb9@amazon.com,Female,633419882407375000,Kentucky,Lexington,762 Corry Avenue,40581
407,Elita,Geldeford,egeldefordba@google.com.hk,Female,5100173612043810,Florida,Tampa,0346 Florence Avenue,33680
408,Aurie,Osborne,aosbornebb@godaddy.com,Female,5439798347766820,Pennsylvania,Pittsburgh,64 Arizona Avenue,15235
409,Melany,Meysham,mmeyshambc@wisc.edu,Female,5100142448229440,Montana,Missoula,72 Lotheville Street,59806
410,Hestia,Corbet,hcorbetbd@engadget.com,Female,633341214081554000,Georgia,Atlanta,5 Raven Place,30316
411,Olive,Dunmuir,odunmuirbe@blogs.com,Female,3529881646604860,Virginia,Arlington,14 Talisman Terrace,22217
412,Lorelle,Barnicott,lbarnicottbf@friendfeed.com,Female,3554621544127730,Texas,San Antonio,94289 Linden Parkway,78210
413,Tiffie,Hesse,thessebg@studiopress.com,Female,30033168947708,California,Garden Grove,2 Onsgard Park,92645
414,Priscella,Fellows,pfellowsbh@arizona.edu,Female,63046145512269300,Texas,Houston,87 Sunbrook Hill,77250
415,Merill,Vedekhin,mvedekhinbi@etsy.com,Male,374283708620638,Minnesota,Saint Cloud,3320 Hagan Avenue,56398
416,Maddy,Kefford,mkeffordbj@drupal.org,Female,5356923634843270,New York,Bronx,250 Superior Avenue,10459
417,Shayne,Goligly,sgoliglybk@youtube.com,Male,670952876422922000,Massachusetts,Woburn,0004 Marquette Court,1813
418,Ole,Godney,ogodneybl@twitter.com,Male,3585545260034860,Georgia,Atlanta,8 Jana Street,30316
419,Ajay,Lound,aloundbm@symantec.com,Female,3574910248641070,New York,Great Neck,4128 Ludington Avenue,11024
420,Lewes,Washbrook,lwashbrookbn@usnews.com,Male,675907831745796000,California,Torrance,6 Quincy Hill,90505
421,Todd,Pitkaithly,tpitkaithlybo@sciencedaily.com,Male,4917744041904810,California,Van Nuys,22 Saint Paul Circle,91499
422,Aloise,Cleiment,acleimentbp@tumblr.com,Female,3542769990479080,California,Los Angeles,2 Coolidge Plaza,90094
423,Devinne,Mellings,dmellingsbq@abc.net.au,Female,3570812657294680,California,Long Beach,42 Cardinal Circle,90847
424,Vikki,Quinby,vquinbybr@angelfire.com,Female,4844069648376250,New Mexico,Santa Fe,44 International Plaza,87505
425,Corina,Lindsay,clindsaybs@slate.com,Female,3584820688150120,Missouri,Kansas City,470 Bowman Point,64142
426,Marianne,Erbain,merbainbt@shinystat.com,Female,3550391173918620,Texas,Austin,75751 Autumn Leaf Hill,78778
427,Griffin,Fishburn,gfishburnbu@shutterfly.com,Male,3576581321451830,Louisiana,Baton Rouge,0871 Pennsylvania Road,70894
428,Al,Groome,agroomebv@bing.com,Male,5100136652570090,New York,Brooklyn,832 Jana Pass,11247
429,Fanya,Danielovitch,fdanielovitchbw@bravesites.com,Female,3546990595882090,Alabama,Montgomery,7794 Independence Place,36109
430,Cindee,Clemente,cclementebx@bigcartel.com,Female,60465776625831400,California,Fresno,123 Springs Circle,93773
431,Bear,Lucks,blucksby@zimbio.com,Male,5602214225839720,District of Columbia,Washington,35 Norway Maple Plaza,20470
432,Beniamino,Durrett,bdurrettbz@washingtonpost.com,Male,5602231589013850,Washington,Seattle,8627 Pleasure Hill,98115
433,Karon,Domenc,kdomencc0@istockphoto.com,Female,677164053515830000,California,Fresno,97911 Porter Street,93740
434,Faustina,Pedlingham,fpedlinghamc1@mapy.cz,Female,201505534254029,California,San Francisco,72 Pine View Road,94126
435,Giraldo,Tumielli,gtumiellic2@globo.com,Male,3576925114333520,Idaho,Idaho Falls,60022 Bultman Center,83405
436,Josefa,Cuff,jcuffc3@yahoo.co.jp,Female,5236790363039410,California,Santa Barbara,5387 Anderson Hill,93150
437,Gordy,Kensit,gkensitc4@goo.ne.jp,Male,3545181238412750,Texas,Fort Worth,440 Esch Junction,76121
438,Rodie,Peidro,rpeidroc5@booking.com,Female,6376764805596380,Florida,Tampa,9 Mcbride Lane,33620
439,Jean,Staveley,jstaveleyc6@domainmarket.com,Male,3565764896928380,Massachusetts,Boston,3 Maywood Plaza,2104
440,Ethelyn,McIlhatton,emcilhattonc7@hatena.ne.jp,Female,3573898627598810,Minnesota,Minneapolis,9485 Heath Crossing,55470
441,Bernie,Follit,bfollitc8@ehow.com,Female,337941769628727,Texas,Dallas,073 Sutherland Avenue,75246
442,Abbey,Blaney,ablaneyc9@desdev.cn,Male,372301003231695,Missouri,Jefferson City,3117 Village Green Street,65105
443,Glen,Erie,gerieca@indiatimes.com,Female,6767387625212770000,Florida,West Palm Beach,47 Maple Wood Point,33405
444,Skell,Coslett,scoslettcb@cnet.com,Male,30435473606509,New York,Syracuse,239 Northland Terrace,13205
445,Ferdie,Stedson,fstedsoncc@cmu.edu,Male,63044066874268900,Mississippi,Gulfport,5 Jana Place,39505
446,Briny,Downey,bdowneycd@about.me,Female,67621428698888100,Connecticut,Hartford,857 Bartelt Avenue,6140
447,Salem,Chrestien,schrestience@loc.gov,Male,6331101230883720,Pennsylvania,Pittsburgh,26 Porter Lane,15220
448,Maureene,Rodgerson,mrodgersoncf@mapquest.com,Female,4903972547229600,Texas,Houston,40407 Thompson Alley,77010
449,Sherwynd,Speaks,sspeakscg@usnews.com,Male,3586660760338950,Connecticut,Bridgeport,1082 Roth Point,6606
450,Emmy,Fessier,efessierch@shareasale.com,Female,372301594211882,California,Pasadena,611 Graceland Plaza,91131
451,Becka,Jordon,bjordonci@constantcontact.com,Female,3577704587797250,Alabama,Birmingham,66538 Porter Road,35236
452,Sibbie,McSweeney,smcsweeneycj@reuters.com,Female,3538257039787310,District of Columbia,Washington,207 Carey Terrace,20392
453,Lincoln,Cutchie,lcutchieck@msu.edu,Male,4844496527009990,California,Garden Grove,24266 Golf View Junction,92645
454,Yale,Willerton,ywillertoncl@wordpress.org,Male,372301463060766,Texas,Midland,81 Park Meadow Way,79710
455,Derry,Guerrero,dguerrerocm@geocities.jp,Male,3543035820623210,Pennsylvania,Pittsburgh,3046 Northland Court,15235
456,Lauren,Kluss,lklusscn@ameblo.jp,Female,3547811136299270,Minnesota,Minneapolis,09272 Summer Ridge Drive,55417
457,Wilek,Yeudall,wyeudallco@skyrock.com,Male,3552259126942800,New York,New York City,62 8th Pass,10175
458,Ertha,Archer,earchercp@youku.com,Female,3588416458065610,New York,Albany,72 Sage Street,12242
459,Beauregard,Pook,bpookcq@zdnet.com,Male,6389093208372030,New York,New York City,9925 Mariners Cove Pass,10039
460,Carmencita,Van de Castele,cvandecastelecr@prlog.org,Female,30356927313403,Michigan,Farmington,21739 Shasta Terrace,48335
461,Brew,Farlamb,bfarlambcs@ameblo.jp,Male,4913201204766380,California,Oakland,3755 Nova Park,94605
462,Daile,Gillis,dgillisct@nationalgeographic.com,Female,6709589120552290000,Missouri,Saint Louis,320 Carpenter Circle,63126
463,Wolfie,Sayers,wsayerscu@squidoo.com,Male,5261916633380900,Indiana,Fort Wayne,39115 Darwin Hill,46867
464,Prudence,Ailsbury,pailsburycv@google.ru,Female,3553790725409410,Oregon,Portland,123 7th Junction,97286
465,Faber,Harmeston,fharmestoncw@hibu.com,Male,6372878983385850,Massachusetts,Watertown,30 Rusk Hill,2472
466,Othilie,Dmiterko,odmiterkocx@hp.com,Female,3546667096150950,California,Glendale,50 Haas Alley,91210
467,Aindrea,Amthor,aamthorcy@angelfire.com,Female,3583576522287610,California,Fresno,3 5th Road,93794
468,Arch,Coiley,acoileycz@51.la,Male,372301073518666,Pennsylvania,Scranton,28427 Morning Hill,18505
469,Dari,Desquesnes,ddesquesnesd0@loc.gov,Female,4041375405289,Colorado,Littleton,398 Veith Trail,80127
470,Alvinia,Brasseur,abrasseurd1@techcrunch.com,Female,3574033116208040,Massachusetts,Springfield,4007 Dunning Avenue,1105
471,Goraud,MacNulty,gmacnultyd2@apple.com,Male,5489841167462460,Illinois,Springfield,5073 Mallory Park,62776
472,Raymond,Filipovic,rfilipovicd3@blinklist.com,Male,201533198214543,Missouri,Kansas City,437 Bay Hill,64114
473,Mercedes,Yeowell,myeowelld4@cbsnews.com,Female,5038373955602490,New York,Syracuse,500 Vernon Way,13251
474,Jaye,Starling,jstarlingd5@issuu.com,Male,3554128959704340,Tennessee,Murfreesboro,323 Vidon Street,37131
475,Alyce,Hazeley,ahazeleyd6@craigslist.org,Female,374288239809378,Texas,Austin,14 Claremont Terrace,78710
476,Enrika,Leming,elemingd7@tamu.edu,Female,3533790257597040,Texas,Denton,708 Iowa Road,76205
477,Abagael,Halsall,ahalsalld8@miitbeian.gov.cn,Female,4508251064435990,Virginia,Reston,015 Knutson Trail,22096
478,Staci,Caville,scavilled9@theatlantic.com,Female,372301624874790,North Carolina,Charlotte,676 Ludington Trail,28220
479,Alvan,Twelftree,atwelftreeda@npr.org,Male,4175001672416350,Washington,Seattle,353 Union Way,98121
480,Riannon,Houselee,rhouseleedb@microsoft.com,Female,6381100473814350,California,San Francisco,57879 Brown Hill,94132
481,Bert,Coverdill,bcoverdilldc@wisc.edu,Male,5255401110017850,Alabama,Montgomery,67538 Dottie Street,36125
482,Kayla,Brauns,kbraunsdd@house.gov,Female,3529935510175490,Texas,Austin,6 Sommers Terrace,78732
483,Marshal,Kettlesting,mkettlestingde@imgur.com,Male,3530078207885440,Texas,San Antonio,99442 Hermina Drive,78230
484,Angelico,Cockrem,acockremdf@dailymotion.com,Male,604012535892553,Texas,Katy,59574 Blue Bill Park Road,77493
485,Christoffer,Bodechon,cbodechondg@blinklist.com,Male,4041377194928290,Connecticut,Waterbury,10527 Goodland Plaza,6721
486,Emilie,McCahey,emccaheydh@bloglines.com,Female,6331101513479870,Texas,Spring,1817 Cambridge Way,77386
487,Derrik,Cavilla,dcavilladi@amazonaws.com,Male,490584824056500000,Illinois,Evanston,9547 Meadow Valley Trail,60208
488,Ado,Langan,alangandj@bloglovin.com,Male,3539127900740290,Missouri,Columbia,92 Kedzie Court,65211
489,Rosalie,Hiscoe,rhiscoedk@elegantthemes.com,Female,378179470110152,Kentucky,Louisville,07460 Farwell Center,40298
490,Chrysa,Pitkin,cpitkindl@networkadvertising.org,Female,3553534992178300,Arizona,Phoenix,0 Forster Way,85067
491,Trevor,Gauch,tgauchdm@dell.com,Male,3539678569186260,North Carolina,Charlotte,8 Anniversary Alley,28242
492,Bobbie,Henstridge,bhenstridgedn@weibo.com,Male,3584542429116880,California,Oakland,7 Westridge Court,94611
493,Gran,Rosenfelt,grosenfeltdo@nhs.uk,Male,67619551641714000,Ohio,Springfield,2057 David Junction,45505
494,Elana,Avraham,eavrahamdp@baidu.com,Female,50382886646932100,Washington,Seattle,34065 Almo Road,98133
495,Eldin,Catonnet,ecatonnetdq@ucsd.edu,Male,5188147257790580,Georgia,Savannah,48926 Thompson Street,31405
496,Walsh,Spyby,wspybydr@apache.org,Male,5602211693826830,Pennsylvania,Philadelphia,411 Jay Lane,19196
497,Vale,Ecclestone,vecclestoneds@yelp.com,Female,5610219107324770000,North Carolina,Charlotte,4 Waubesa Circle,28278
498,Fairleigh,Dryden,fdrydendt@dailymotion.com,Male,561011783473180000,Florida,Fort Lauderdale,19 Atwood Terrace,33355
499,Raymund,Knowlson,rknowlsondu@cornell.edu,Male,3578239619018880,Tennessee,Memphis,6712 Straubel Point,38188
500,Xymenes,Brack,xbrackdv@wiley.com,Male,3537315519970470,California,San Diego,498 Shopko Parkway,92132
